model_name,num_answerable_questions,exact_match,f1,errors,error_rate,avg_reader_score,avg_reranked_rank,avg_time_per_question,total_time_seconds
deepset/xlm-roberta-large-squad2,300,0.93,0.940909645909646,21,0.07,0.9857041086925548,1.37,0.9709407885869344,291.2822365760803
deepset/xlm-roberta-base-squad2,300,0.8466666666666667,0.8717839230486288,46,0.15333333333333332,0.7410121486954094,1.4133333333333333,0.45860602299372355,137.58180689811707
anakin87/electra-italian-xxl-cased-squad-it,300,0.6733333333333333,0.7136082991082993,98,0.32666666666666666,0.9564022704836983,1.7533333333333334,0.43716631333033246,131.14989399909973
mrm8488/bert-italian-finedtuned-squadv1-it-alfa,300,0.5133333333333333,0.5651587301587302,146,0.4866666666666667,1.1296890150528338,2.19,0.43699976841608684,131.09993052482605
mrm8488/umberto-wikipedia-uncased-v1-finetuned-squadv1-it,300,0.07333333333333333,0.10578602878602879,278,0.9266666666666666,0.8523119324476203,2.6,0.6760754958788554,202.82264876365662
